{
  "mean": 13.875,
  "std": 7.797070206011252,
  "cv": 0.5619510058386488,
  "gini": 0.3139414414414414,
  "spread": 34.0
}