{
  "mean": 14.80900004213115,
  "std": 6.676685419104367,
  "cv": 0.4508532243979609,
  "gini": 0.24184630553596814,
  "spread": 23.214057032467952
}