{
  "mean": 22.11526767035278,
  "std": 6.144860394576882,
  "cv": 0.2778560262607421,
  "gini": 0.1538500463695925,
  "spread": 20.530571206563444
}