{
  "mae_p50": 1.8067622667929175,
  "p80_coverage": 0.9583333333333334
}