{
  "mae_p50": 1.727942127874811,
  "p80_coverage": 0.8333333333333334
}