{
  "mean": 21.76,
  "std": 5.043808085167396,
  "cv": 0.23179265097276636,
  "gini": 0.1279411764705881,
  "spread": 18.0
}