{
  "mean": 13.883437539497956,
  "std": 6.953204625142955,
  "cv": 0.5008273063037378,
  "gini": 0.27088660217221666,
  "spread": 30.0
}