{
  "mean": 13.883437539497956,
  "std": 7.400633415652686,
  "cv": 0.5330548284312231,
  "gini": 0.28923091143997015,
  "spread": 30.0
}