{
  "mean": 14.80900004213115,
  "std": 6.3580319224954716,
  "cv": 0.4293356677970873,
  "gini": 0.2317750177254258,
  "spread": 23.214057032467952
}